{"stats":{"minecraft:used":{"minecraft:oak_fence":2,"minecraft:purpur_block":8,"minecraft:water_bucket":3,"minecraft:end_rod":140,"minecraft:orange_concrete":417,"minecraft:armor_stand":3,"minecraft:red_concrete":87,"minecraft:redstone":99,"minecraft:powered_rail":96,"minecraft:oak_planks":3,"minecraft:red_nether_bricks":65,"minecraft:oak_sign":44,"minecraft:chest":3,"minecraft:sandstone":352,"minecraft:stone":170,"minecraft:redstone_block":45,"minecraft:structure_block":2,"minecraft:white_wool":27,"minecraft:debug_stick":33,"minecraft:diamond_block":3,"minecraft:anvil":38,"minecraft:sand":16,"minecraft:rail":151,"minecraft:comparator":2,"minecraft:white_carpet":11,"minecraft:oak_slab":3,"minecraft:tnt":83,"minecraft:hopper":12,"minecraft:gray_concrete":474,"minecraft:oak_fence_gate":6,"minecraft:piston":26,"minecraft:dark_prismarine":6,"minecraft:glass":41,"minecraft:redstone_torch":9,"minecraft:lever":5,"minecraft:sticky_piston":35,"minecraft:packed_ice":17,"minecraft:black_concrete":590,"minecraft:activator_rail":3,"minecraft:lava_bucket":1,"minecraft:jungle_fence_gate":1,"minecraft:command_block":20,"minecraft:stone_button":22,"minecraft:detector_rail":2,"minecraft:bedrock":2,"minecraft:repeater":53,"minecraft:redstone_lamp":15,"minecraft:written_book":2,"minecraft:minecart":5,"minecraft:magenta_glazed_terracotta":7,"minecraft:repeating_command_block":1,"minecraft:gray_banner":2,"minecraft:observer":13},"minecraft:dropped":{"minecraft:water_bucket":1,"minecraft:anvil":1,"minecraft:repeating_command_block":1,"minecraft:piston":1,"minecraft:jungle_fence_gate":1,"minecraft:player_head":6,"minecraft:tnt":1,"minecraft:gray_banner":2,"minecraft:minecart":1,"minecraft:sticky_piston":788,"minecraft:orange_concrete":2,"minecraft:structure_block":1,"minecraft:debug_stick":1,"minecraft:oak_sign":3,"minecraft:rail":1,"minecraft:flint_and_steel":1,"minecraft:gray_concrete":48,"minecraft:oak_fence_gate":1,"minecraft:redstone_lamp":1,"minecraft:stone":1,"minecraft:red_nether_bricks":1,"minecraft:sandstone":1,"minecraft:powered_rail":67,"minecraft:black_concrete":56,"minecraft:redstone_block":1,"minecraft:armor_stand":1},"minecraft:custom":{"minecraft:inspect_dropper":16,"minecraft:inspect_hopper":5,"minecraft:play_one_minute":841489,"minecraft:leave_game":15,"minecraft:time_since_death":31141,"minecraft:time_since_rest":31477,"minecraft:sprint_one_cm":300583,"minecraft:walk_one_cm":526996,"minecraft:drop":54,"minecraft:minecart_one_cm":875491,"minecraft:fly_one_cm":6691855,"minecraft:open_chest":5,"minecraft:crouch_one_cm":13115,"minecraft:deaths":5,"minecraft:sneak_time":24810,"minecraft:walk_under_water_one_cm":1254,"minecraft:jump":5925,"minecraft:walk_on_water_one_cm":5032,"minecraft:fall_one_cm":2508},"minecraft:picked_up":{"minecraft:jungle_pressure_plate":1,"minecraft:repeater":1,"minecraft:redstone_block":1,"minecraft:anvil":27,"minecraft:water_bucket":1,"minecraft:redstone_lamp":1,"minecraft:structure_block":1,"minecraft:gray_concrete":95,"minecraft:orange_concrete":220,"minecraft:flint_and_steel":1,"minecraft:armor_stand":1,"minecraft:sticky_piston":400,"minecraft:chipped_anvil":1,"minecraft:oak_sign":2,"minecraft:oak_fence_gate":1,"minecraft:redstone_torch":1,"minecraft:written_book":27,"minecraft:player_head":6,"minecraft:powered_rail":132,"minecraft:piston":1,"minecraft:debug_stick":1,"minecraft:sandstone":151,"minecraft:stone":1,"minecraft:yellow_concrete":1,"minecraft:stone_button":3,"minecraft:redstone":14,"minecraft:tnt":1,"minecraft:repeating_command_block":1,"minecraft:black_concrete":111,"minecraft:gray_banner":1,"minecraft:end_rod":15,"minecraft:oak_button":1,"minecraft:rail":39}},"DataVersion":1976}