{"stats":{"minecraft:dropped":{"minecraft:lever":1,"minecraft:minecart":1,"minecraft:structure_block":1,"minecraft:structure_void":1,"minecraft:redstone_block":1,"minecraft:redstone":1},"minecraft:killed":{"minecraft:wandering_trader":1,"minecraft:trader_llama":2},"minecraft:custom":{"minecraft:inspect_dropper":29,"minecraft:mob_kills":3,"minecraft:inspect_hopper":76,"minecraft:play_one_minute":1483859,"minecraft:leave_game":25,"minecraft:time_since_death":13859,"minecraft:time_since_rest":13901,"minecraft:sprint_one_cm":141592,"minecraft:damage_taken":200,"minecraft:walk_one_cm":418083,"minecraft:drop":6,"minecraft:minecart_one_cm":279609,"minecraft:damage_dealt":610,"minecraft:swim_one_cm":11845,"minecraft:fly_one_cm":12779229,"minecraft:open_chest":18,"minecraft:crouch_one_cm":26886,"minecraft:deaths":6,"minecraft:sneak_time":31322,"minecraft:walk_under_water_one_cm":12226,"minecraft:jump":1089,"minecraft:walk_on_water_one_cm":79353},"minecraft:used":{"minecraft:purpur_block":6,"minecraft:water_bucket":26,"minecraft:end_rod":50,"minecraft:dropper":25,"minecraft:orange_concrete":1930,"minecraft:redstone":659,"minecraft:powered_rail":576,"minecraft:prismarine":17,"minecraft:red_nether_bricks":58,"minecraft:oak_sign":3,"minecraft:chest":4,"minecraft:brown_concrete":4,"minecraft:sandstone":173,"minecraft:stone":214,"minecraft:redstone_block":218,"minecraft:structure_block":69,"minecraft:anvil":30,"minecraft:sand":29,"minecraft:rail":297,"minecraft:comparator":61,"minecraft:oak_slab":1,"minecraft:white_carpet":4,"minecraft:tnt":8,"minecraft:hopper":62,"minecraft:prismarine_bricks":16,"minecraft:nether_bricks":1,"minecraft:note_block":6,"minecraft:gray_concrete":590,"minecraft:nether_brick_stairs":15,"minecraft:oak_fence_gate":72,"minecraft:redstone_torch":124,"minecraft:sticky_piston":172,"minecraft:glass":127,"minecraft:piston":108,"minecraft:dark_prismarine":28,"minecraft:lever":7,"minecraft:packed_ice":149,"minecraft:sea_lantern":9,"minecraft:black_concrete":422,"minecraft:command_block":49,"minecraft:light_gray_concrete":69,"minecraft:stone_button":72,"minecraft:oak_button":6,"minecraft:slime_block":2,"minecraft:string":15,"minecraft:detector_rail":88,"minecraft:stone_brick_stairs":31,"minecraft:item_frame":2,"minecraft:bedrock":14,"minecraft:tripwire_hook":18,"minecraft:repeater":203,"minecraft:purple_concrete":18,"minecraft:diamond_sword":10,"minecraft:red_stained_glass_pane":8,"minecraft:redstone_lamp":35,"minecraft:minecart":63,"minecraft:lapis_block":1,"minecraft:smooth_stone_slab":6,"minecraft:chest_minecart":7,"minecraft:observer":184},"minecraft:picked_up":{"minecraft:redstone_block":3,"minecraft:repeater":15,"minecraft:anvil":30,"minecraft:tripwire_hook":2,"minecraft:structure_block":1,"minecraft:leather":1,"minecraft:lead":2,"minecraft:birch_button":1,"minecraft:orange_concrete":573,"minecraft:sticky_piston":841,"minecraft:glass":1,"minecraft:chipped_anvil":1,"minecraft:oak_sign":8,"minecraft:detector_rail":5,"minecraft:comparator":2,"minecraft:redstone_torch":15,"minecraft:powered_rail":35,"minecraft:chest":252,"minecraft:piston":1,"minecraft:purple_concrete":1,"minecraft:sandstone":6,"minecraft:yellow_concrete":1,"minecraft:sand":3,"minecraft:structure_void":109,"minecraft:stone_button":12,"minecraft:nether_brick_stairs":3,"minecraft:redstone":107,"minecraft:rail":16,"minecraft:hopper":1}},"DataVersion":1976}