{"stats":{"minecraft:dropped":{"minecraft:carved_pumpkin":1,"minecraft:red_nether_bricks":1,"minecraft:activator_rail":1,"minecraft:redstone_block":1},"minecraft:custom":{"minecraft:time_since_rest":13901,"minecraft:sprint_one_cm":40857,"minecraft:inspect_dropper":13,"minecraft:damage_taken":4690,"minecraft:walk_one_cm":323622,"minecraft:drop":4,"minecraft:inspect_hopper":60,"minecraft:minecart_one_cm":864989,"minecraft:swim_one_cm":141615,"minecraft:fly_one_cm":2175391,"minecraft:open_chest":5,"minecraft:crouch_one_cm":31852,"minecraft:play_one_minute":1002668,"minecraft:deaths":6,"minecraft:sneak_time":22869,"minecraft:walk_under_water_one_cm":8949,"minecraft:jump":1080,"minecraft:leave_game":22,"minecraft:walk_on_water_one_cm":25121,"minecraft:time_since_death":13841,"minecraft:fall_one_cm":44296},"minecraft:used":{"minecraft:piston":10,"minecraft:redstone_torch":15,"minecraft:black_concrete":345,"minecraft:sea_lantern":6,"minecraft:dark_prismarine":28,"minecraft:glass":36,"minecraft:water_bucket":5,"minecraft:activator_rail":4,"minecraft:dropper":50,"minecraft:orange_concrete":606,"minecraft:polished_andesite_stairs":4,"minecraft:command_block":6,"minecraft:light_gray_concrete":3,"minecraft:red_nether_bricks":11,"minecraft:powered_rail":76,"minecraft:dispenser":9,"minecraft:redstone":94,"minecraft:prismarine":10,"minecraft:smooth_sandstone":52,"minecraft:stone_button":3,"minecraft:detector_rail":3,"minecraft:white_concrete_powder":1,"minecraft:stone_slab":2,"minecraft:sandstone":80,"minecraft:stone":46,"minecraft:jungle_pressure_plate":6,"minecraft:redstone_block":35,"minecraft:debug_stick":8,"minecraft:bow":2,"minecraft:repeater":75,"minecraft:glowstone":5,"minecraft:redstone_lamp":1,"minecraft:rail":46,"minecraft:comparator":15,"minecraft:tnt":2,"minecraft:hopper":222,"minecraft:prismarine_bricks":8,"minecraft:minecart":2,"minecraft:yellow_concrete":34,"minecraft:magenta_glazed_terracotta":18,"minecraft:gray_concrete":186,"minecraft:white_concrete":3,"minecraft:nether_brick_stairs":13,"minecraft:oak_fence_gate":6,"minecraft:packed_ice":92,"minecraft:end_rod":8,"minecraft:sticky_piston":38},"minecraft:picked_up":{"minecraft:sandstone":34,"minecraft:redstone_block":1,"minecraft:repeater":6,"minecraft:anvil":1,"minecraft:structure_void":484,"minecraft:stone_button":2,"minecraft:nether_brick_stairs":2,"minecraft:redstone":4,"minecraft:orange_concrete":7,"minecraft:red_nether_bricks":2,"minecraft:sticky_piston":32,"minecraft:activator_rail":1,"minecraft:tnt_minecart":1,"minecraft:carved_pumpkin":1,"minecraft:powered_rail":1,"minecraft:rail":1}},"DataVersion":1976}