{"stats":{"minecraft:custom":{"minecraft:jump":38,"minecraft:crouch_one_cm":218,"minecraft:time_since_rest":9580,"minecraft:damage_dealt":0,"minecraft:damage_taken":20,"minecraft:minecart_one_cm":61172,"minecraft:leave_game":3,"minecraft:play_one_minute":19166,"minecraft:time_since_death":9436,"minecraft:sprint_one_cm":23592,"minecraft:walk_one_cm":40304,"minecraft:deaths":1,"minecraft:sneak_time":673,"minecraft:fall_one_cm":824,"minecraft:fly_one_cm":82644},"minecraft:picked_up":{"minecraft:armor_stand":1,"minecraft:player_head":1},"minecraft:used":{"minecraft:black_concrete":1,"minecraft:oak_sign":1,"minecraft:stone_button":1,"minecraft:armor_stand":1}},"DataVersion":1976}