{"stats":{"minecraft:picked_up":{"minecraft:birch_button":1,"minecraft:stone_button":13,"minecraft:redstone":4},"minecraft:custom":{"minecraft:open_chest":2,"minecraft:time_since_rest":41434,"minecraft:play_one_minute":41691,"minecraft:crouch_one_cm":2338,"minecraft:inspect_dropper":2,"minecraft:walk_one_cm":37997,"minecraft:sprint_one_cm":15906,"minecraft:damage_taken":230,"minecraft:deaths":1,"minecraft:sneak_time":2174,"minecraft:walk_under_water_one_cm":357,"minecraft:drop":10,"minecraft:jump":150,"minecraft:inspect_hopper":4,"minecraft:minecart_one_cm":9888,"minecraft:leave_game":1,"minecraft:walk_on_water_one_cm":1160,"minecraft:time_since_death":41371,"minecraft:fall_one_cm":2791,"minecraft:fly_one_cm":277936},"minecraft:dropped":{"minecraft:birch_button":1,"minecraft:sandstone":1,"minecraft:stone_button":13,"minecraft:redstone_block":95},"minecraft:used":{"minecraft:redstone_torch":1,"minecraft:birch_button":17,"minecraft:sticky_piston":2,"minecraft:lever":3,"minecraft:redstone_lamp":14,"minecraft:repeater":12,"minecraft:comparator":15,"minecraft:dropper":1,"minecraft:hopper":4,"minecraft:redstone":94,"minecraft:lapis_block":223,"minecraft:stone_button":14,"minecraft:chest":1,"minecraft:sandstone":1}},"DataVersion":1976}