{"stat.useItem.minecraft.string":6,"stat.useItem.minecraft.chain_command_block":124,"stat.useItem.minecraft.quartz_block":247,"stat.pickup.minecraft.wooden_slab":1,"stat.leaveGame":146,"stat.drop.minecraft.redstone":791,"stat.useItem.minecraft.repeating_command_block":8,"stat.pickup.minecraft.lapis_block":1,"stat.useItem.minecraft.glowstone":923,"stat.useItem.minecraft.planks":4164,"stat.drop.minecraft.wooden_door":1,"stat.pickup.minecraft.glass":8,"stat.drop.minecraft.melon":395,"stat.useItem.minecraft.water_bucket":170,"stat.drop.minecraft.redstone_torch":34,"stat.useItem.minecraft.diamond_hoe":26,"stat.useItem.minecraft.rail":840,"stat.useItem.minecraft.anvil":73,"stat.killEntity.Villager":120,"stat.hopperInspected":1054,"stat.useItem.minecraft.spawn_egg":181,"stat.trappedChestTriggered":64,"stat.drop.minecraft.rail":26,"stat.useItem.minecraft.oak_stairs":346,"stat.drop.minecraft.gravel":4,"stat.furnaceInteraction":3,"stat.useItem.minecraft.pumpkin_seeds":55,"stat.pickup.minecraft.wooden_button":71,"stat.drop.minecraft.stone_slab":1,"stat.drop.minecraft.farmland":1,"stat.pickup.minecraft.filled_map":10,"stat.useItem.minecraft.minecart":250,"stat.useItem.minecraft.redstone":1956,"stat.drop.minecraft.stained_hardened_clay":1,"stat.drop.minecraft.wooden_button":1,"stat.useItem.minecraft.trapdoor":58,"stat.useItem.minecraft.stained_glass":521,"stat.useItem.minecraft.fence":472,"stat.useItem.minecraft.stone_stairs":1,"stat.useItem.minecraft.dark_oak_door":11,"stat.useItem.minecraft.cauldron":3,"stat.drop.minecraft.wooden_hoe":1,"stat.useItem.minecraft.wheat_seeds":27,"stat.useItem.minecraft.wooden_button":30,"stat.useItem.minecraft.hopper":1177,"stat.useItem.minecraft.dye":81,"stat.pickup.minecraft.lever":6,"stat.deaths":1,"stat.drop.minecraft.chain_command_block":1,"stat.pickup.minecraft.egg":1569,"stat.playOneMinute":4894993,"stat.useItem.minecraft.jungle_stairs":254,"stat.pickup.minecraft.item_frame":9,"stat.pickup.minecraft.sea_lantern":2,"stat.drop.minecraft.chest":3,"stat.pickup.minecraft.iron_bars":8,"stat.drop.minecraft.torch":2,"stat.pickup.minecraft.dispenser":5,"stat.chestOpened":312,"stat.pickup.minecraft.pumpkin":17,"stat.useItem.minecraft.stone":6603,"stat.drop.minecraft.hopper":23,"stat.drop.minecraft.detector_rail":6,"stat.pickup.minecraft.structure_void":820,"stat.pickup.minecraft.farmland":1,"stat.pickup.minecraft.detector_rail":19,"stat.useItem.minecraft.packed_ice":76,"stat.pickup.minecraft.cooked_chicken":1766,"stat.fallOneCm":335,"stat.drop.minecraft.stone":16,"stat.useItem.minecraft.trapped_chest":49,"stat.pickup.minecraft.melon_seeds":2,"stat.crouchOneCm":133014,"stat.pickup.minecraft.rail":92,"stat.pickup.minecraft.dropper":4,"stat.pickup.minecraft.melon":5030,"stat.dropperInspected":112,"stat.pickup.minecraft.comparator":47,"stat.pickup.minecraft.repeater":37,"stat.drop.minecraft.structure_void":382,"stat.useItem.minecraft.golden_rail":2899,"stat.pickup.minecraft.feather":360,"stat.useItem.minecraft.reeds":26,"stat.useItem.minecraft.furnace":4,"stat.pickup.minecraft.dye":1,"stat.pickup.minecraft.planks":11,"stat.drop.minecraft.minecart":10,"stat.pickup.minecraft.wheat_seeds":2555,"stat.drop.minecraft.diamond_hoe":2,"stat.drop.minecraft.carpet":24,"stat.useItem.minecraft.wool":88,"stat.drop.minecraft.reeds":19,"stat.useItem.minecraft.iron_bars":603,"stat.flowerPotted":12,"stat.drop.minecraft.paper":72,"stat.useItem.minecraft.torch":49,"stat.drop.minecraft.stone_brick_stairs":2,"stat.useItem.minecraft.log":1596,"stat.useItem.minecraft.comparator":319,"stat.useItem.minecraft.gravel":135,"stat.minecartOneCm":1121290,"stat.pickup.minecraft.redstone_block":10,"stat.pickup.minecraft.log":6,"stat.drop.minecraft.sign":15,"stat.drop.minecraft.stonebrick":11,"stat.drop.minecraft.planks":15,"stat.drop.minecraft.sapling":2,"stat.pickup.minecraft.hopper":17,"stat.drop.minecraft.lapis_block":1,"stat.pickup.minecraft.sapling":4,"stat.drop.minecraft.melon_seeds":1,"stat.useItem.minecraft.glass_pane":70,"stat.drop.minecraft.trapped_chest":1,"stat.useItem.minecraft.barrier":60,"stat.drop.minecraft.dropper":5,"stat.drop.minecraft.hopper_minecart":3,"stat.drop.minecraft.comparator":17,"stat.useItem.minecraft.daylight_detector":14,"stat.useItem.minecraft.stonebrick":2410,"stat.useItem.minecraft.stone_hoe":85,"stat.useItem.minecraft.wooden_door":13,"stat.useItem.minecraft.monster_egg":55,"stat.pickup.minecraft.red_flower":1,"stat.sneakTime":178505,"stat.drop.minecraft.sea_lantern":3,"stat.pickup.minecraft.yellow_flower":1,"stat.drop.minecraft.grass":9,"stat.pickup.minecraft.golden_rail":399,"stat.drop.minecraft.wooden_axe":1,"stat.pickup.minecraft.chest":2,"stat.useItem.minecraft.web":2,"stat.useItem.minecraft.lapis_block":76,"stat.pickup.minecraft.redstone_torch":115,"stat.useItem.minecraft.repeater":643,"stat.useItem.minecraft.diamond_sword":422,"stat.pickup.minecraft.flower_pot":1,"stat.swimOneCm":163431,"stat.climbOneCm":21127,"stat.drop.minecraft.sticky_piston":5,"stat.pickup.minecraft.glowstone":7,"stat.pickup.minecraft.sticky_piston":4,"stat.useItem.minecraft.redstone_torch":337,"stat.useItem.minecraft.dirt":2829,"stat.pickup.minecraft.stone_hoe":2,"stat.drop.minecraft.daylight_detector":1,"stat.pickup.minecraft.daylight_detector":2,"stat.useItem.minecraft.egg":12,"stat.useItem.minecraft.detector_rail":83,"stat.drop.minecraft.quartz_stairs":4,"stat.pickup.minecraft.quartz_stairs":5,"stat.drop.minecraft.fence":6,"stat.pickup.minecraft.diamond_hoe":3,"stat.flyOneCm":13669329,"stat.pickup.minecraft.chain_command_block":1,"stat.drop.minecraft.wheat_seeds":4935,"stat.pickup.minecraft.cactus":5,"stat.pickup.minecraft.redstone":1032,"stat.timeSinceDeath":3293488,"stat.drop.minecraft.log":6,"stat.useItem.minecraft.sign":407,"stat.cauldronFilled":3,"stat.useItem.minecraft.wooden_slab":68,"stat.useItem.minecraft.iron_door":13,"stat.drop.minecraft.repeater":15,"stat.useItem.minecraft.noteblock":50,"stat.useItem.minecraft.lever":52,"stat.drop.minecraft.iron_bars":8,"stat.pickup.minecraft.dark_oak_door":1,"stat.pickup.minecraft.stonebrick":70,"stat.drop.minecraft.stained_glass":7,"stat.pickup.minecraft.redstone_lamp":5,"stat.drop.minecraft.dirt":6,"stat.pickup.minecraft.carpet":82,"stat.useItem.minecraft.acacia_stairs":106,"stat.drop.minecraft.wool":2,"stat.talkedToVillager":109,"stat.drop.minecraft.redstone_lamp":4,"stat.useItem.minecraft.sea_lantern":889,"stat.drop.minecraft.oak_stairs":1,"stat.drop.minecraft.compass":1,"stat.pickup.minecraft.birch_stairs":2,"stat.useItem.minecraft.written_book":7,"stat.useItem.minecraft.dropper":37,"stat.sprintOneCm":1048645,"stat.useItem.minecraft.diamond_block":19,"stat.pickup.minecraft.paper":111,"stat.drop.minecraft.dark_oak_door":3,"stat.drop.minecraft.stone_hoe":2,"stat.useItem.minecraft.stone_slab":164,"stat.useItem.minecraft.bed":6,"stat.pickup.minecraft.grass":6,"stat.drop.minecraft.dispenser":6,"stat.drop.minecraft.lava_bucket":2,"stat.pickup.minecraft.spawn_egg":1,"stat.drop":2547,"stat.pickup.minecraft.stone_button":19,"stat.drop.minecraft.golden_rail":146,"stat.useItem.minecraft.ladder":30,"stat.drop.minecraft.redstone_block":16,"stat.useItem.minecraft.melon_seeds":83,"stat.useItem.minecraft.birch_stairs":294,"stat.drop.minecraft.bread":1122,"stat.diveOneCm":40650,"stat.drop.minecraft.diamond_pickaxe":2,"stat.pickup.minecraft.wheat":233,"stat.useItem.minecraft.sticky_piston":199,"stat.useItem.minecraft.structure_void":1,"stat.pickup.minecraft.sign":25,"stat.useItem.minecraft.quartz_stairs":96,"stat.pickup.minecraft.gravel":7,"stat.drop.minecraft.ladder":2,"stat.useItem.minecraft.carpet":59,"stat.useItem.minecraft.stained_glass_pane":1,"stat.pickup.minecraft.stone_brick_stairs":2,"stat.pickup.minecraft.diamond_sword":2,"stat.useItem.minecraft.flower_pot":12,"stat.jump":17460,"stat.useItem.minecraft.iron_trapdoor":39,"stat.useItem.minecraft.sand":2,"stat.pickup.minecraft.fence":3,"stat.pickup.minecraft.hopper_minecart":4,"stat.useItem.minecraft.piston":123,"stat.drop.minecraft.diamond_sword":1,"stat.pickup.minecraft.dirt":5,"stat.useItem.minecraft.stone_button":171,"stat.drop.minecraft.glowstone":13,"stat.drop.minecraft.piston":5,"stat.drop.minecraft.glass":9,"stat.useItem.minecraft.dispenser":26,"stat.useItem.minecraft.glass":477,"stat.drop.minecraft.barrier":2,"stat.pickup.minecraft.command_block":2,"stat.useItem.minecraft.redstone_lamp":366,"stat.damageTaken":10,"stat.useItem.minecraft.stone_brick_stairs":2336,"stat.mineBlock.minecraft.melon_block":10,"stat.pickup.minecraft.written_book":332,"stat.dispenserInspected":79,"stat.useItem.minecraft.gold_block":22,"stat.drop.minecraft.stone_button":3,"stat.drop.minecraft.water_bucket":4,"stat.noteblockTuned":158,"stat.pickup.minecraft.reeds":54,"stat.pickup.minecraft.bed":1,"stat.pickup.minecraft.quartz_block":2,"stat.useItem.minecraft.birch_fence":8,"stat.killEntity.Shulker":2,"stat.pickup.minecraft.potato":669,"stat.pickup.minecraft.emerald_block":1,"stat.pickup.minecraft.oak_stairs":4,"stat.pickup.minecraft.stained_glass":4,"stat.damageDealt":24863,"stat.drop.minecraft.cooked_chicken":18,"stat.pickup.minecraft.minecart":184,"stat.useItem.minecraft.crafting_table":1,"stat.pickup.minecraft.shulker_shell":27,"stat.drop.minecraft.emerald_block":1,"stat.pickup.minecraft.piston":3,"stat.useItem.minecraft.command_block":129,"stat.walkOneCm":7944878,"stat.useItem.minecraft.chest":191,"stat.drop.minecraft.item_frame":3,"stat.drop.minecraft.wheat":54,"stat.drop.minecraft.noteblock":1,"stat.useItem.minecraft.observer":26,"stat.pickup.minecraft.noteblock":1,"stat.useItem.minecraft.emerald_block":31,"stat.useItem.minecraft.lava_bucket":13,"stat.drop.minecraft.birch_stairs":1,"stat.useItem.minecraft.redstone_block":523,"stat.useItem.minecraft.item_frame":129,"stat.pickup.minecraft.stone":13,"stat.useItem.minecraft.spruce_stairs":215,"stat.drop.minecraft.potato":2719,"stat.useItem.minecraft.stained_hardened_clay":137,"stat.drop.minecraft.egg":384,"stat.drop.minecraft.command_block":6,"stat.drop.minecraft.wooden_slab":1,"stat.pickup.minecraft.ladder":1,"stat.useItem.minecraft.cactus":5,"stat.useItem.minecraft.concrete":596,"stat.pickup.minecraft.barrier":2,"stat.drop.minecraft.lever":5,"stat.useItem.minecraft.tripwire_hook":6,"stat.pickup.minecraft.bread":129,"stat.mobKills":124,"stat.pickup.minecraft.birch_fence":1,"stat.drop.minecraft.written_book":293,"stat.pickup.minecraft.water_bucket":2,"stat.useItem.minecraft.cobblestone_wall":2,"stat.useItem.minecraft.hopper_minecart":231,"stat.useItem.minecraft.writable_book":6,"stat.pickup.minecraft.torch":6,"stat.drop.minecraft.quartz_block":2,"stat.useItem.minecraft.sandstone":15}