{"stats":{"minecraft:killed":{"minecraft:skeleton":1,"minecraft:rabbit":3130,"minecraft:bat":16,"minecraft:villager":956,"minecraft:enderman":1},"minecraft:picked_up":{"minecraft:wheat":100,"minecraft:redstone_block":7,"minecraft:iron_trapdoor":1,"minecraft:anvil":1,"minecraft:redstone_lamp":4,"minecraft:structure_block":4,"minecraft:stone_slab":5,"minecraft:lead":10,"minecraft:acacia_button":121,"minecraft:brick":15,"minecraft:flint_and_steel":2,"minecraft:sticky_piston":5,"minecraft:item_frame":2,"minecraft:compass":1750,"minecraft:activator_rail":5,"minecraft:tnt_minecart":236,"minecraft:detector_rail":6,"minecraft:comparator":66,"minecraft:bucket":6,"minecraft:redstone_torch":161,"minecraft:poppy":2,"minecraft:hopper_minecart":1,"minecraft:minecart":799,"minecraft:melon_slice":153,"minecraft:chest":3,"minecraft:piston":6,"minecraft:sandstone":350,"minecraft:stone":7,"minecraft:oak_fence":2,"minecraft:torch":2,"minecraft:note_block":4,"minecraft:stone_button":21,"minecraft:redstone":486,"minecraft:rabbit_foot":39,"minecraft:stone_pressure_plate":1,"minecraft:tnt":4,"minecraft:cactus":8,"minecraft:command_block":2,"minecraft:glowstone":1,"minecraft:black_banner":1,"minecraft:mutton":1,"minecraft:iron_bars":2,"minecraft:skeleton_skull":10,"minecraft:rail":104,"minecraft:cobblestone":6,"minecraft:barrier":1,"minecraft:repeater":109,"minecraft:tripwire_hook":4,"minecraft:water_bucket":4,"minecraft:leather":2,"minecraft:filled_map":2,"minecraft:bedrock":1,"minecraft:oak_log":12,"minecraft:gunpowder":404,"minecraft:paper":306,"minecraft:sign":2,"minecraft:bone":2,"minecraft:apple":162,"minecraft:wheat_seeds":105,"minecraft:rabbit_hide":1453,"minecraft:rabbit":1504,"minecraft:glowstone_dust":118,"minecraft:powered_rail":307,"minecraft:oak_planks":206,"minecraft:gravel":1,"minecraft:lava_bucket":1,"minecraft:sand":4,"minecraft:oak_wood":2,"minecraft:polished_andesite":133,"minecraft:dispenser":2,"minecraft:white_concrete_powder":92,"minecraft:lever":15,"minecraft:painting":8,"minecraft:white_concrete":6,"minecraft:oak_button":19,"minecraft:jack_o_lantern":7,"minecraft:hopper":9,"minecraft:ender_pearl":1},"minecraft:used":{"minecraft:oak_fence":95,"minecraft:oak_trapdoor":11,"minecraft:blue_terracotta":191,"minecraft:iron_bars":16,"minecraft:flint_and_steel":1048,"minecraft:carved_pumpkin":248,"minecraft:armor_stand":6,"minecraft:red_concrete":88,"minecraft:dispenser":106,"minecraft:redstone":3042,"minecraft:poppy":4,"minecraft:diamond_hoe":47,"minecraft:white_concrete_powder":941,"minecraft:chest":517,"minecraft:white_terracotta":191,"minecraft:stone":4664,"minecraft:quartz_stairs":33,"minecraft:structure_block":242,"minecraft:oak_door":1,"minecraft:torch":3,"minecraft:dirt":53,"minecraft:soul_sand":28,"minecraft:anvil":9,"minecraft:hopper":700,"minecraft:spruce_stairs":8,"minecraft:oak_wood":13,"minecraft:obsidian":509,"minecraft:oak_fence_gate":7,"minecraft:glass":204,"minecraft:packed_ice":21,"minecraft:sea_lantern":12,"minecraft:lava_bucket":7,"minecraft:iron_block":25,"minecraft:oak_stairs":180,"minecraft:slime_block":129,"minecraft:quartz_block":38,"minecraft:hopper_minecart":225,"minecraft:stone_brick_stairs":20,"minecraft:item_frame":40,"minecraft:repeater":1211,"minecraft:bedrock":709,"minecraft:light_gray_wool":15,"minecraft:magma_block":16,"minecraft:tripwire_hook":13,"minecraft:glowstone":218,"minecraft:snow":50,"minecraft:redstone_lamp":194,"minecraft:lime_concrete":190,"minecraft:bow":136,"minecraft:emerald_block":1,"minecraft:iron_trapdoor":4,"minecraft:wolf_spawn_egg":11,"minecraft:gold_block":9,"minecraft:minecart":309,"minecraft:trapped_chest":2,"minecraft:skeleton_skull":71,"minecraft:stone_pressure_plate":7,"minecraft:observer":69,"minecraft:wheat_seeds":36,"minecraft:water_bucket":49,"minecraft:ink_sac":96,"minecraft:iron_ore":9,"minecraft:spruce_door":2,"minecraft:dropper":75,"minecraft:powered_rail":2472,"minecraft:oak_planks":2102,"minecraft:cactus":5,"minecraft:ender_pearl":9,"minecraft:sandstone":4211,"minecraft:redstone_block":1030,"minecraft:structure_void":3,"minecraft:cauldron":5,"minecraft:beacon":3,"minecraft:spruce_fence_gate":9,"minecraft:white_wool":25,"minecraft:sand":59,"minecraft:rail":681,"minecraft:comparator":510,"minecraft:tnt":2583,"minecraft:oak_slab":128,"minecraft:crafting_table":2,"minecraft:light_blue_wool":175,"minecraft:black_banner":3,"minecraft:note_block":28,"minecraft:painting":22,"minecraft:redstone_torch":826,"minecraft:oak_log":579,"minecraft:sticky_piston":547,"minecraft:piston":230,"minecraft:lever":138,"minecraft:black_wool":11,"minecraft:activator_rail":13,"minecraft:firework_rocket":29,"minecraft:command_block":98,"minecraft:stone_button":203,"minecraft:string":31,"minecraft:barrier":33,"minecraft:oak_button":90,"minecraft:tnt_minecart":1106,"minecraft:detector_rail":80,"minecraft:sign":59,"minecraft:white_glazed_terracotta":12,"minecraft:stone_slab":125,"minecraft:gravel":80,"minecraft:diamond_sword":42,"minecraft:coal_block":597,"minecraft:fire_charge":3,"minecraft:cobblestone":483,"minecraft:potion":6,"minecraft:white_stained_glass":3,"minecraft:chain_command_block":3,"minecraft:glass_pane":12,"minecraft:repeating_command_block":35,"minecraft:chest_minecart":3,"minecraft:oak_boat":3,"minecraft:white_concrete":2014},"minecraft:dropped":{"minecraft:water_bucket":2,"minecraft:stripped_spruce_log":113,"minecraft:repeating_command_block":1,"minecraft:piston":3,"minecraft:wheat_seeds":18,"minecraft:oak_log":3,"minecraft:tnt":70,"minecraft:minecart":12,"minecraft:oak_fence":1,"minecraft:lead":11,"minecraft:observer":3,"minecraft:leather":2,"minecraft:apple":1,"minecraft:hopper_minecart":5,"minecraft:activator_rail":2,"minecraft:command_block":6,"minecraft:saddle":1,"minecraft:bedrock":3,"minecraft:black_banner":1,"minecraft:rail":15,"minecraft:coal_block":3,"minecraft:item_frame":1,"minecraft:polished_andesite":256,"minecraft:gold_block":1,"minecraft:spruce_fence_gate":1,"minecraft:sign":5,"minecraft:lava_bucket":2,"minecraft:redstone_lamp":1,"minecraft:iron_trapdoor":2,"minecraft:stone_button":9,"minecraft:ink_sac":2,"minecraft:dispenser":6,"minecraft:repeater":82,"minecraft:melon_slice":3,"minecraft:tnt_minecart":37,"minecraft:white_concrete":16,"minecraft:jack_o_lantern":9,"minecraft:sand":6,"minecraft:cactus":1,"minecraft:paper":71,"minecraft:tripwire_hook":2,"minecraft:white_wool":2,"minecraft:bucket":2,"minecraft:redstone":189,"minecraft:cauldron":64,"minecraft:redstone_block":17,"minecraft:bone":1,"minecraft:note_block":1,"minecraft:blue_terracotta":1,"minecraft:anvil":2,"minecraft:compass":121,"minecraft:lever":8,"minecraft:oak_trapdoor":1,"minecraft:detector_rail":2,"minecraft:sticky_piston":6,"minecraft:wheat":9,"minecraft:oak_planks":415,"minecraft:comparator":140,"minecraft:glowstone_dust":42,"minecraft:structure_block":11,"minecraft:stone_slab":5,"minecraft:glass_pane":1,"minecraft:flint_and_steel":7,"minecraft:filled_map":108,"minecraft:oak_fence_gate":1,"minecraft:sea_lantern":1,"minecraft:stone":13,"minecraft:oak_button":5,"minecraft:skeleton_skull":20,"minecraft:dropper":2,"minecraft:quartz_stairs":1,"minecraft:hopper":473,"minecraft:glowstone":2,"minecraft:chest":2,"minecraft:redstone_torch":188,"minecraft:painting":8,"minecraft:iron_ore":1,"minecraft:sandstone":64,"minecraft:arrow":55,"minecraft:bow":1,"minecraft:powered_rail":9,"minecraft:glass":1,"minecraft:brick":15},"minecraft:custom":{"minecraft:inspect_dropper":99,"minecraft:mob_kills":4249,"minecraft:inspect_hopper":480,"minecraft:interact_with_crafting_table":2,"minecraft:leave_game":271,"minecraft:time_since_death":6799534,"minecraft:sprint_one_cm":195282,"minecraft:walk_one_cm":4894104,"minecraft:drop":724,"minecraft:damage_dealt_absorbed":2790,"minecraft:talked_to_villager":13,"minecraft:deaths":1,"minecraft:sneak_time":260697,"minecraft:walk_under_water_one_cm":126212,"minecraft:boat_one_cm":192053,"minecraft:jump":10385,"minecraft:walk_on_water_one_cm":47577,"minecraft:tune_noteblock":200,"minecraft:play_one_minute":7385119,"minecraft:time_since_rest":1759797,"minecraft:trigger_trapped_chest":2,"minecraft:damage_dealt":3589,"minecraft:minecart_one_cm":1274620,"minecraft:fly_one_cm":29469292,"minecraft:open_chest":305,"minecraft:pig_one_cm":64942,"minecraft:crouch_one_cm":115743,"minecraft:inspect_dispenser":111}},"DataVersion":1631}