{"stats":{"minecraft:killed":{"minecraft:spider":2,"minecraft:skeleton":4,"minecraft:bat":5,"minecraft:creeper":3,"minecraft:zombie":1,"minecraft:villager":58,"minecraft:enderman":1},"minecraft:dropped":{"minecraft:daylight_detector":2,"minecraft:wheat_seeds":1792,"minecraft:tnt":1,"minecraft:observer":1,"minecraft:hopper_minecart":4,"minecraft:command_block":1,"minecraft:bedrock":1,"minecraft:rail":2,"minecraft:structure_void":4,"minecraft:polished_andesite":2,"minecraft:sign":6,"minecraft:dirt":2,"minecraft:packed_ice":1,"minecraft:stone_button":3,"minecraft:dispenser":1,"minecraft:torch":10,"minecraft:repeater":11,"minecraft:wooden_axe":1,"minecraft:white_concrete":7,"minecraft:writable_book":1,"minecraft:pumpkin":1,"minecraft:smooth_stone":1,"minecraft:paper":1,"minecraft:white_wool":1,"minecraft:redstone_block":5,"minecraft:redstone":19,"minecraft:compass":22,"minecraft:lever":1,"minecraft:diamond_block":46,"minecraft:detector_rail":1,"minecraft:obsidian":1,"minecraft:comparator":5,"minecraft:structure_block":2,"minecraft:glass_pane":1,"minecraft:spruce_planks":2,"minecraft:dropper":1,"minecraft:hopper":134,"minecraft:chest":3,"minecraft:redstone_torch":1455,"minecraft:stone_pressure_plate":6,"minecraft:sandstone":15,"minecraft:powered_rail":2,"minecraft:glass":320,"minecraft:firework_rocket":64},"minecraft:used":{"minecraft:oak_trapdoor":25,"minecraft:oak_fence":80,"minecraft:writable_book":1,"minecraft:flint_and_steel":4,"minecraft:melon":15,"minecraft:red_concrete":85,"minecraft:dispenser":177,"minecraft:redstone":814,"minecraft:diamond_hoe":45,"minecraft:chest":115,"minecraft:structure_block":8,"minecraft:farmland":94,"minecraft:oak_door":2,"minecraft:torch":1071,"minecraft:dirt":137,"minecraft:soul_sand":21,"minecraft:anvil":3,"minecraft:hopper":422,"minecraft:oak_fence_gate":12,"minecraft:obsidian":329,"minecraft:glass":332,"minecraft:packed_ice":52,"minecraft:lava_bucket":1,"minecraft:villager_spawn_egg":52,"minecraft:oak_stairs":34,"minecraft:slime_block":45,"minecraft:smooth_quartz":103,"minecraft:hopper_minecart":36,"minecraft:melon_seeds":16,"minecraft:item_frame":1,"minecraft:bedrock":227,"minecraft:tripwire_hook":2,"minecraft:glowstone":52,"minecraft:repeater":295,"minecraft:redstone_lamp":109,"minecraft:minecart":19,"minecraft:gold_block":5,"minecraft:stone_pressure_plate":37,"minecraft:observer":73,"minecraft:pumpkin":15,"minecraft:wheat_seeds":70,"minecraft:water_bucket":109,"minecraft:end_rod":32,"minecraft:dropper":18,"minecraft:polished_andesite":298,"minecraft:powered_rail":580,"minecraft:oak_planks":174,"minecraft:sandstone":3129,"minecraft:redstone_block":180,"minecraft:structure_void":65,"minecraft:white_wool":16,"minecraft:diamond_block":280,"minecraft:sand":62,"minecraft:rail":157,"minecraft:comparator":170,"minecraft:tnt":192,"minecraft:oak_slab":4,"minecraft:crafting_table":1,"minecraft:spruce_log":415,"minecraft:pumpkin_seeds":17,"minecraft:redstone_torch":133,"minecraft:sticky_piston":129,"minecraft:piston":13,"minecraft:lever":60,"minecraft:wooden_hoe":61,"minecraft:firework_rocket":415,"minecraft:daylight_detector":1,"minecraft:command_block":56,"minecraft:string":3,"minecraft:stone_button":62,"minecraft:detector_rail":41,"minecraft:sign":28,"minecraft:stone_slab":7,"minecraft:gravel":7,"minecraft:diamond_sword":142,"minecraft:chain_command_block":3,"minecraft:glass_pane":12,"minecraft:oak_boat":10,"minecraft:white_concrete":219,"minecraft:kelp":6,"minecraft:smooth_stone":32,"minecraft:bone_meal":58},"minecraft:custom":{"minecraft:inspect_dropper":20,"minecraft:mob_kills":180,"minecraft:inspect_hopper":172,"minecraft:interact_with_crafting_table":1,"minecraft:leave_game":39,"minecraft:time_since_death":2878250,"minecraft:sprint_one_cm":48960,"minecraft:walk_one_cm":846352,"minecraft:drop":554,"minecraft:damage_dealt_absorbed":7300,"minecraft:talked_to_villager":46,"minecraft:sneak_time":57543,"minecraft:walk_under_water_one_cm":76666,"minecraft:boat_one_cm":32868,"minecraft:jump":1726,"minecraft:walk_on_water_one_cm":20279,"minecraft:play_one_minute":2878250,"minecraft:time_since_rest":2878250,"minecraft:damage_taken":120,"minecraft:damage_dealt":14317,"minecraft:minecart_one_cm":1648,"minecraft:swim_one_cm":775,"minecraft:fly_one_cm":5121955,"minecraft:open_chest":29,"minecraft:crouch_one_cm":30952,"minecraft:inspect_dispenser":34},"minecraft:picked_up":{"minecraft:wooden_axe":1,"minecraft:redstone_block":3,"minecraft:packed_ice":1,"minecraft:structure_block":2,"minecraft:stone_slab":1,"minecraft:string":2,"minecraft:compass":1,"minecraft:comparator":4,"minecraft:detector_rail":2,"minecraft:redstone_torch":22,"minecraft:observer":1,"minecraft:chest":1,"minecraft:sandstone":77,"minecraft:torch":268,"minecraft:stone_button":7,"minecraft:redstone":96,"minecraft:stone_pressure_plate":4,"minecraft:tnt":3145,"minecraft:command_block":1,"minecraft:arrow":1,"minecraft:obsidian":1,"minecraft:rail":10,"minecraft:repeater":19,"minecraft:tripwire_hook":1,"minecraft:bedrock":1,"minecraft:gunpowder":7,"minecraft:dirt":2,"minecraft:paper":1,"minecraft:sign":6,"minecraft:glass":64,"minecraft:bone":2,"minecraft:kelp":22,"minecraft:wheat_seeds":192,"minecraft:powered_rail":95,"minecraft:diamond_block":42,"minecraft:polished_andesite":2,"minecraft:firework_rocket":30382,"minecraft:pumpkin_seeds":2,"minecraft:lever":1,"minecraft:writable_book":1,"minecraft:white_concrete":30,"minecraft:hopper":221,"minecraft:ender_pearl":1}},"DataVersion":1631}