{"stat.useItem.minecraft.quartz_block":297,"stat.pickup.minecraft.wooden_slab":1,"stat.leaveGame":236,"stat.drop.minecraft.redstone":861,"stat.useItem.minecraft.glowstone":1041,"stat.drop.minecraft.redstone_torch":39,"stat.pickup.minecraft.rotten_flesh":3,"stat.useItem.minecraft.diamond_hoe":26,"stat.pickup.minecraft.bucket":23,"stat.useItem.minecraft.rail":918,"stat.useItem.minecraft.anvil":77,"stat.killEntity.Villager":127,"stat.drop.minecraft.gravel":4,"stat.furnaceInteraction":16,"stat.useItem.minecraft.pumpkin_seeds":55,"stat.drop.minecraft.farmland":1,"stat.drop.minecraft.cactus":2,"stat.useItem.minecraft.trapdoor":63,"stat.useItem.minecraft.stained_glass":651,"stat.useItem.minecraft.fence":502,"stat.useItem.minecraft.dark_oak_door":14,"stat.useItem.minecraft.cauldron":3,"stat.useItem.minecraft.flint_and_steel":20,"stat.useItem.minecraft.wheat_seeds":31,"stat.useItem.minecraft.wooden_button":35,"stat.useItem.minecraft.dye":81,"stat.pickup.minecraft.lever":10,"stat.deaths":2,"stat.drop.minecraft.chain_command_block":1,"stat.pickup.minecraft.egg":2059,"stat.pickup.minecraft.item_frame":133,"stat.pickup.minecraft.sea_lantern":2,"stat.drop.minecraft.torch":2,"stat.useItem.minecraft.jukebox":4,"stat.chestOpened":508,"stat.useItem.minecraft.stone":11645,"stat.pickup.minecraft.structure_void":820,"stat.crouchOneCm":204365,"stat.pickup.minecraft.rail":105,"stat.craftingTableInteraction":1,"stat.pickup.minecraft.repeater":64,"stat.useItem.minecraft.reeds":26,"stat.pickup.minecraft.dye":4,"stat.pickup.minecraft.planks":18,"stat.drop.minecraft.minecart":13,"stat.pickup.minecraft.wheat_seeds":2798,"stat.drop.minecraft.carpet":24,"stat.flowerPotted":12,"stat.drop.minecraft.paper":251,"stat.useItem.minecraft.record_11":1,"stat.drop.minecraft.rotten_flesh":1,"stat.useItem.minecraft.gravel":459,"stat.minecartOneCm":2031733,"stat.drop.minecraft.sapling":2,"stat.pickup.minecraft.hopper":19,"stat.pickup.minecraft.chicken":77,"stat.useItem.minecraft.fireworks":10,"stat.useItem.minecraft.glass_pane":95,"stat.drop.minecraft.trapped_chest":1,"stat.useItem.minecraft.barrier":82,"stat.drop.minecraft.hopper_minecart":5,"stat.drop.minecraft.comparator":18,"stat.useItem.minecraft.daylight_detector":14,"stat.useItem.minecraft.stonebrick":2510,"stat.useItem.minecraft.wooden_door":18,"stat.useItem.minecraft.monster_egg":55,"stat.pickup.minecraft.red_flower":1,"stat.drop.minecraft.sea_lantern":3,"stat.drop.minecraft.grass":74,"stat.pickup.minecraft.tripwire_hook":3,"stat.drop.minecraft.pumpkin":18,"stat.useItem.minecraft.skull":11,"stat.pickup.minecraft.flower_pot":1,"stat.useItem.minecraft.concrete_powder":27,"stat.pickup.minecraft.glowstone":8,"stat.pickup.minecraft.sticky_piston":4,"stat.useItem.minecraft.obsidian":599,"stat.pickup.minecraft.stone_hoe":2,"stat.drop.minecraft.daylight_detector":1,"stat.useItem.minecraft.egg":12,"stat.drop.minecraft.quartz_stairs":4,"stat.useItem.minecraft.spruce_fence_gate":5,"stat.pickup.minecraft.diamond_hoe":3,"stat.flyOneCm":24962634,"stat.pickup.minecraft.chain_command_block":1,"stat.timeSinceDeath":2350675,"stat.cauldronFilled":3,"stat.useItem.minecraft.wooden_slab":106,"stat.useItem.minecraft.iron_door":16,"stat.drop.minecraft.repeater":16,"stat.drop.minecraft.stained_glass":10,"stat.drop.minecraft.wool":2,"stat.talkedToVillager":111,"stat.drop.minecraft.spawn_egg":1,"stat.pickup.minecraft.string":1,"stat.drop.minecraft.redstone_lamp":4,"stat.drop.minecraft.obsidian":1,"stat.drop.minecraft.oak_stairs":2,"stat.pickup.minecraft.birch_stairs":2,"stat.useItem.minecraft.written_book":7,"stat.useItem.minecraft.dropper":67,"stat.sprintOneCm":1822548,"stat.useItem.minecraft.diamond_block":25,"stat.drop.minecraft.dark_oak_door":3,"stat.drop.minecraft.stone_hoe":2,"stat.drop.minecraft.lava_bucket":3,"stat.drop.minecraft.boat":10,"stat.pickup.minecraft.spawn_egg":1,"stat.drop.minecraft.golden_rail":152,"stat.useItem.minecraft.ladder":30,"stat.useItem.minecraft.birch_stairs":294,"stat.diveOneCm":129132,"stat.drop.minecraft.diamond_pickaxe":2,"stat.pickup.minecraft.wheat":246,"stat.useItem.minecraft.sticky_piston":479,"stat.pickup.minecraft.sign":124,"stat.drop.minecraft.ladder":2,"stat.jump":25003,"stat.useItem.minecraft.iron_trapdoor":67,"stat.useItem.minecraft.sand":58,"stat.pickup.minecraft.hopper_minecart":5,"stat.drop.minecraft.diamond_sword":1,"stat.pickup.minecraft.dirt":6,"stat.useItem.minecraft.coal_ore":3,"stat.drop.minecraft.glowstone":14,"stat.useItem.minecraft.dispenser":76,"stat.useItem.minecraft.glass":506,"stat.drop.minecraft.barrier":3,"stat.pickup.minecraft.command_block":3,"stat.damageTaken":10,"stat.useItem.minecraft.stone_brick_stairs":2698,"stat.mineBlock.minecraft.melon_block":10,"stat.pickup.minecraft.written_book":332,"stat.useItem.minecraft.gold_block":25,"stat.noteblockTuned":166,"stat.useItem.minecraft.slime":124,"stat.pickup.minecraft.bed":1,"stat.pickup.minecraft.concrete":3,"stat.pickup.minecraft.quartz_block":2,"stat.useItem.minecraft.birch_fence":8,"stat.killEntity.Shulker":2,"stat.pickup.minecraft.potato":670,"stat.pickup.minecraft.shulker_shell":27,"stat.pickup.minecraft.record_wait":4,"stat.drop.minecraft.emerald_block":1,"stat.useItem.minecraft.command_block":144,"stat.useItem.minecraft.chest":298,"stat.drop.minecraft.item_frame":126,"stat.drop.minecraft.wheat":58,"stat.drop.minecraft.noteblock":1,"stat.useItem.minecraft.pumpkin":2,"stat.useItem.minecraft.observer":79,"stat.pickup.minecraft.noteblock":1,"stat.useItem.minecraft.lava_bucket":28,"stat.drop.minecraft.birch_stairs":1,"stat.useItem.minecraft.item_frame":198,"stat.drop.minecraft.potato":2720,"stat.useItem.minecraft.stained_hardened_clay":138,"stat.drop.minecraft.egg":441,"stat.drop.minecraft.wooden_slab":2,"stat.pickup.minecraft.ladder":1,"stat.useItem.minecraft.concrete":1397,"stat.drop.minecraft.lever":7,"stat.useItem.minecraft.tripwire_hook":34,"stat.mobKills":131,"stat.drop.minecraft.written_book":312,"stat.useItem.minecraft.boat":191,"stat.useItem.minecraft.cobblestone_wall":2,"stat.useItem.minecraft.writable_book":36,"stat.pickup.minecraft.torch":31,"stat.drop.minecraft.quartz_block":2,"stat.useItem.minecraft.string":31,"stat.useItem.minecraft.chain_command_block":124,"stat.useItem.minecraft.repeating_command_block":8,"stat.pickup.minecraft.lapis_block":1,"stat.useItem.minecraft.planks":5763,"stat.drop.minecraft.wooden_door":1,"stat.pickup.minecraft.glass":8,"stat.drop.minecraft.melon":464,"stat.useItem.minecraft.water_bucket":366,"stat.pickup.minecraft.name_tag":241,"stat.pickup.minecraft.observer":1,"stat.hopperInspected":1676,"stat.useItem.minecraft.spawn_egg":286,"stat.trappedChestTriggered":96,"stat.drop.minecraft.rail":29,"stat.useItem.minecraft.oak_stairs":568,"stat.pickup.minecraft.wooden_button":72,"stat.drop.minecraft.stone_slab":1,"stat.pickup.minecraft.filled_map":41,"stat.useItem.minecraft.minecart":812,"stat.useItem.minecraft.redstone":3276,"stat.drop.minecraft.stained_hardened_clay":1,"stat.drop.minecraft.wooden_button":1,"stat.useItem.minecraft.stone_stairs":33,"stat.drop.minecraft.wooden_hoe":2,"stat.drop.minecraft.fireworks":64,"stat.useItem.minecraft.hopper":1313,"stat.playOneMinute":7671921,"stat.useItem.minecraft.jungle_stairs":255,"stat.drop.minecraft.chest":4,"stat.pickup.minecraft.iron_bars":9,"stat.pickup.minecraft.dispenser":5,"stat.pickup.minecraft.pumpkin":1267,"stat.recordPlayed":5,"stat.drop.minecraft.hopper":27,"stat.drop.minecraft.detector_rail":6,"stat.pickup.minecraft.farmland":1,"stat.pickup.minecraft.detector_rail":19,"stat.useItem.minecraft.packed_ice":86,"stat.pickup.minecraft.cooked_chicken":1946,"stat.fallOneCm":335,"stat.drop.minecraft.stone":28,"stat.useItem.minecraft.trapped_chest":49,"stat.pickup.minecraft.melon_seeds":2,"stat.pickup.minecraft.dropper":4,"stat.pickup.minecraft.melon":5429,"stat.dropperInspected":372,"stat.pickup.minecraft.comparator":61,"stat.drop.minecraft.structure_void":382,"stat.useItem.minecraft.golden_rail":3467,"stat.pickup.minecraft.feather":436,"stat.useItem.minecraft.furnace":4,"stat.drop.minecraft.concrete":5,"stat.drop.minecraft.diamond_hoe":2,"stat.useItem.minecraft.wool":107,"stat.drop.minecraft.reeds":20,"stat.useItem.minecraft.iron_bars":661,"stat.pickup.minecraft.record_11":1,"stat.useItem.minecraft.torch":83,"stat.drop.minecraft.stone_brick_stairs":4,"stat.useItem.minecraft.log":1944,"stat.useItem.minecraft.comparator":554,"stat.pickup.minecraft.redstone_block":12,"stat.pickup.minecraft.log":6,"stat.drop.minecraft.sign":34,"stat.drop.minecraft.stonebrick":11,"stat.useItem.minecraft.brown_glazed_terracotta":13,"stat.drop.minecraft.planks":21,"stat.drop.minecraft.lapis_block":1,"stat.pickup.minecraft.sapling":4,"stat.drop.minecraft.melon_seeds":1,"stat.drop.minecraft.dropper":5,"stat.useItem.minecraft.wooden_pressure_plate":1,"stat.useItem.minecraft.stone_hoe":85,"stat.sneakTime":299277,"stat.drop.minecraft.bucket":4,"stat.pickup.minecraft.yellow_flower":1,"stat.pickup.minecraft.golden_rail":485,"stat.drop.minecraft.wooden_axe":1,"stat.pickup.minecraft.chest":3,"stat.useItem.minecraft.web":2,"stat.useItem.minecraft.lapis_block":76,"stat.pickup.minecraft.redstone_torch":165,"stat.pickup.minecraft.stone_pressure_plate":1,"stat.useItem.minecraft.repeater":1050,"stat.useItem.minecraft.diamond_sword":439,"stat.swimOneCm":516267,"stat.climbOneCm":24764,"stat.drop.minecraft.sticky_piston":5,"stat.useItem.minecraft.redstone_torch":658,"stat.useItem.minecraft.dirt":3306,"stat.drop.minecraft.writable_book":2,"stat.pickup.minecraft.daylight_detector":2,"stat.useItem.minecraft.detector_rail":89,"stat.pickup.minecraft.quartz_stairs":5,"stat.drop.minecraft.fence":7,"stat.drop.minecraft.wheat_seeds":5506,"stat.pickup.minecraft.cactus":8,"stat.pickup.minecraft.redstone":1304,"stat.drop.minecraft.log":6,"stat.useItem.minecraft.sign":722,"stat.drop.minecraft.name_tag":214,"stat.useItem.minecraft.noteblock":58,"stat.useItem.minecraft.lever":145,"stat.drop.minecraft.iron_bars":9,"stat.pickup.minecraft.dark_oak_door":1,"stat.pickup.minecraft.stonebrick":70,"stat.pickup.minecraft.redstone_lamp":5,"stat.drop.minecraft.dirt":7,"stat.pickup.minecraft.carpet":82,"stat.useItem.minecraft.acacia_stairs":106,"stat.useItem.minecraft.sea_lantern":1349,"stat.drop.minecraft.compass":1,"stat.pickup.minecraft.paper":386,"stat.useItem.minecraft.stone_slab":623,"stat.useItem.minecraft.bed":6,"stat.pickup.minecraft.grass":71,"stat.useItem.minecraft.stone_pressure_plate":3,"stat.drop.minecraft.dispenser":6,"stat.drop":2996,"stat.pickup.minecraft.stone_button":35,"stat.drop.minecraft.redstone_block":22,"stat.useItem.minecraft.melon_seeds":83,"stat.drop.minecraft.bread":1362,"stat.useItem.minecraft.structure_void":1,"stat.useItem.minecraft.record_wait":4,"stat.useItem.minecraft.quartz_stairs":104,"stat.pickup.minecraft.gravel":22,"stat.useItem.minecraft.carpet":65,"stat.useItem.minecraft.stained_glass_pane":1,"stat.pickup.minecraft.stone_brick_stairs":4,"stat.pickup.minecraft.diamond_sword":2,"stat.useItem.minecraft.flower_pot":12,"stat.pickup.minecraft.fence":4,"stat.useItem.minecraft.wooden_hoe":1,"stat.useItem.minecraft.piston":310,"stat.craftItem.minecraft.bread":106,"stat.useItem.minecraft.stone_button":210,"stat.drop.minecraft.piston":7,"stat.drop.minecraft.glass":9,"stat.boatOneCm":600472,"stat.useItem.minecraft.redstone_lamp":557,"stat.dispenserInspected":200,"stat.drop.minecraft.stone_button":5,"stat.drop.minecraft.water_bucket":7,"stat.pickup.minecraft.reeds":68,"stat.pickup.minecraft.emerald_block":1,"stat.pickup.minecraft.oak_stairs":4,"stat.pickup.minecraft.stained_glass":5,"stat.damageDealt":26467,"stat.drop.minecraft.cooked_chicken":57,"stat.pickup.minecraft.minecart":328,"stat.useItem.minecraft.crafting_table":1,"stat.pickup.minecraft.piston":5,"stat.pickup.minecraft.boat":35,"stat.walkOneCm":10959984,"stat.pickup.minecraft.stick":2,"stat.useItem.minecraft.emerald_block":31,"stat.useItem.minecraft.redstone_block":832,"stat.pickup.minecraft.stone":19,"stat.useItem.minecraft.spruce_stairs":215,"stat.useItem.minecraft.leaves":1,"stat.drop.minecraft.command_block":6,"stat.useItem.minecraft.cactus":7,"stat.pickup.minecraft.barrier":2,"stat.useItem.minecraft.iron_block":10,"stat.pickup.minecraft.bread":5295,"stat.drop.minecraft.filled_map":31,"stat.pickup.minecraft.birch_fence":1,"stat.pickup.minecraft.water_bucket":7,"stat.useItem.minecraft.hopper_minecart":272,"stat.pickup.minecraft.lava_bucket":1,"stat.useItem.minecraft.sandstone":15}