{"stats":{"minecraft:dropped":{"minecraft:daylight_detector":1,"minecraft:piston":9,"minecraft:oak_log":11,"minecraft:baked_potato":1010,"minecraft:crafting_table":1,"minecraft:jungle_planks":1,"minecraft:rail":37,"minecraft:structure_void":386,"minecraft:item_frame":126,"minecraft:emerald":2,"minecraft:dirt":8,"minecraft:redstone_lamp":4,"minecraft:packed_ice":1,"minecraft:stone_button":9,"minecraft:dispenser":7,"minecraft:writable_book":3,"minecraft:bone_block":1,"minecraft:sand":1,"minecraft:sugar":833,"minecraft:white_wool":3,"minecraft:birch_stairs":1,"minecraft:armor_stand":1,"minecraft:oak_door":1,"minecraft:gravel":59,"minecraft:dark_oak_door":3,"minecraft:note_block":1,"minecraft:emerald_block":1,"minecraft:compass":1,"minecraft:sugar_cane":212,"minecraft:lever":8,"minecraft:cooked_chicken":118,"minecraft:detector_rail":6,"minecraft:wheat":905,"minecraft:obsidian":3,"minecraft:rotten_flesh":1,"minecraft:oak_planks":42,"minecraft:birch_fence_gate":1,"minecraft:acacia_button":1,"minecraft:sea_lantern":3,"minecraft:oak_wood":2,"minecraft:dropper":6,"minecraft:jungle_stairs":2,"minecraft:quartz_block":2,"minecraft:melon_seeds":1,"minecraft:hopper":32,"minecraft:glowstone":20,"minecraft:ladder":2,"minecraft:chest":8,"minecraft:iron_bars":9,"minecraft:powered_rail":165,"minecraft:glass":9,"minecraft:chain_command_block":1,"minecraft:stone_brick_stairs":4,"minecraft:written_book":456,"minecraft:egg":646,"minecraft:firework_rocket":64,"minecraft:stone_hoe":2,"minecraft:water_bucket":9,"minecraft:bread":1985,"minecraft:oak_slab":4,"minecraft:wheat_seeds":7903,"minecraft:minecart":16,"minecraft:oak_fence":10,"minecraft:barrier":3,"minecraft:hopper_minecart":7,"minecraft:command_block":7,"minecraft:spruce_stairs":1,"minecraft:grass_block":82,"minecraft:stick":6,"minecraft:sign":45,"minecraft:lava_bucket":3,"minecraft:torch":3,"minecraft:sponge":3,"minecraft:wooden_hoe":2,"minecraft:repeater":24,"minecraft:wooden_axe":1,"minecraft:melon_slice":589,"minecraft:white_concrete":11,"minecraft:iron_door":3,"minecraft:oak_stairs":4,"minecraft:cactus":3,"minecraft:paper":1372,"minecraft:trapped_chest":1,"minecraft:bucket":10,"minecraft:lapis_block":1,"minecraft:redstone_block":25,"minecraft:redstone":949,"minecraft:farmland":1,"minecraft:anvil":3,"minecraft:kelp":3,"minecraft:oak_trapdoor":2,"minecraft:player_head":12,"minecraft:sticky_piston":6,"minecraft:diamond_hoe":2,"minecraft:white_carpet":24,"minecraft:comparator":23,"minecraft:slime_block":1,"minecraft:structure_block":4,"minecraft:stone_slab":4,"minecraft:name_tag":564,"minecraft:dolphin_spawn_egg":1,"minecraft:white_terracotta":1,"minecraft:diamond_ore":1,"minecraft:shulker_box":2,"minecraft:shears":2,"minecraft:glass_pane":2,"minecraft:filled_map":31,"minecraft:diamond_sword":1,"minecraft:snow":3,"minecraft:potato":4082,"minecraft:stone":47,"minecraft:oak_button":1,"minecraft:diamond_pickaxe":2,"minecraft:andesite":2,"minecraft:quartz_stairs":4,"minecraft:oak_boat":13,"minecraft:oak_sapling":2,"minecraft:carved_pumpkin":21,"minecraft:redstone_torch":64,"minecraft:stone_pressure_plate":1,"minecraft:stone_bricks":12,"minecraft:brown_carpet":1,"minecraft:brown_stained_glass":4,"minecraft:white_stained_glass":12},"minecraft:crafted":{"minecraft:emerald":2,"minecraft:sugar":193,"minecraft:bread":151},"minecraft:used":{"minecraft:writable_book":56,"minecraft:dispenser":94,"minecraft:spruce_slab":2,"minecraft:bone_block":2,"minecraft:diamond_hoe":30,"minecraft:ladder":41,"minecraft:white_concrete_powder":27,"minecraft:chest":442,"minecraft:white_terracotta":139,"minecraft:stone":14599,"minecraft:quartz_stairs":104,"minecraft:farmland":15,"minecraft:soul_sand":6,"minecraft:jungle_planks":46,"minecraft:acacia_button":4,"minecraft:music_disc_11":1,"minecraft:milk_bucket":1,"minecraft:obsidian":684,"minecraft:glass":1114,"minecraft:packed_ice":106,"minecraft:lava_bucket":28,"minecraft:villager_spawn_egg":15,"minecraft:coal_ore":4,"minecraft:quartz_pillar":1,"minecraft:grass_block":757,"minecraft:quartz_block":298,"minecraft:music_disc_wait":6,"minecraft:hopper_minecart":359,"minecraft:stone_brick_stairs":2847,"minecraft:stone_bricks":3530,"minecraft:item_frame":251,"minecraft:repeater":1723,"minecraft:dolphin_spawn_egg":12,"minecraft:redstone_lamp":583,"minecraft:brown_carpet":210,"minecraft:snow":103,"minecraft:written_book":21,"minecraft:furnace":9,"minecraft:gold_block":25,"minecraft:skeleton_skull":13,"minecraft:egg":12,"minecraft:ink_sac":195,"minecraft:diorite":53,"minecraft:dropper":156,"minecraft:infested_stone":71,"minecraft:powered_rail":4437,"minecraft:oak_planks":10084,"minecraft:cactus":18,"minecraft:sandstone":16,"minecraft:redstone_block":1177,"minecraft:structure_void":8,"minecraft:parrot_spawn_egg":14,"minecraft:sugar_cane":61,"minecraft:purpur_pillar":35,"minecraft:oak_leaves":5,"minecraft:white_wool":111,"minecraft:sand":158,"minecraft:sponge":181,"minecraft:note_block":58,"minecraft:gray_concrete":2,"minecraft:squid_spawn_egg":3,"minecraft:pumpkin_seeds":55,"minecraft:birch_fence":8,"minecraft:redstone_torch":935,"minecraft:sticky_piston":757,"minecraft:lever":212,"minecraft:green_concrete":86,"minecraft:firework_rocket":11,"minecraft:daylight_detector":14,"minecraft:stone_button":274,"minecraft:brown_stained_glass":896,"minecraft:string":53,"minecraft:barrier":254,"minecraft:sign":874,"minecraft:oak_pressure_plate":1,"minecraft:iron_door":29,"minecraft:gravel":925,"minecraft:diamond_sword":478,"minecraft:white_stained_glass":727,"minecraft:andesite":189,"minecraft:oak_boat":263,"minecraft:white_concrete":1754,"minecraft:bone_meal":2,"minecraft:cobweb":2,"minecraft:oak_fence":693,"minecraft:purpur_block":4,"minecraft:oak_trapdoor":281,"minecraft:iron_bars":700,"minecraft:flint_and_steel":122,"minecraft:carved_pumpkin":2,"minecraft:armor_stand":102,"minecraft:redstone":4999,"minecraft:spruce_planks":39,"minecraft:wooden_shovel":1,"minecraft:stone_hoe":85,"minecraft:structure_block":109,"minecraft:oak_door":19,"minecraft:torch":84,"minecraft:dirt":3967,"minecraft:anvil":82,"minecraft:white_carpet":65,"minecraft:hopper":2200,"minecraft:spruce_stairs":316,"minecraft:cobblestone_wall":169,"minecraft:shulker_box":3,"minecraft:oak_wood":438,"minecraft:granite":131,"minecraft:oak_fence_gate":1,"minecraft:sea_lantern":1508,"minecraft:iron_block":10,"minecraft:oak_stairs":1228,"minecraft:slime_block":128,"minecraft:chicken_spawn_egg":13,"minecraft:melon_seeds":83,"minecraft:tripwire_hook":41,"minecraft:glowstone":2204,"minecraft:emerald_block":31,"minecraft:iron_trapdoor":67,"minecraft:white_stained_glass_pane":1,"minecraft:minecart":1100,"minecraft:trapped_chest":49,"minecraft:stone_pressure_plate":7,"minecraft:acacia_planks":5,"minecraft:observer":142,"minecraft:wheat_seeds":640,"minecraft:water_bucket":1240,"minecraft:iron_ore":4,"minecraft:cobblestone_stairs":33,"minecraft:birch_planks":3,"minecraft:polished_andesite":52,"minecraft:cauldron":3,"minecraft:spruce_fence_gate":5,"minecraft:diamond_block":25,"minecraft:rail":1263,"minecraft:comparator":720,"minecraft:music_disc_cat":1,"minecraft:oak_slab":959,"minecraft:crafting_table":7,"minecraft:white_bed":6,"minecraft:brown_glazed_terracotta":13,"minecraft:dark_oak_door":23,"minecraft:oak_log":5589,"minecraft:piston":448,"minecraft:flower_pot":15,"minecraft:wooden_hoe":64,"minecraft:acacia_stairs":106,"minecraft:command_block":264,"minecraft:oak_button":35,"minecraft:detector_rail":115,"minecraft:jungle_stairs":458,"minecraft:stone_slab":894,"minecraft:spruce_trapdoor":147,"minecraft:cod_spawn_egg":202,"minecraft:chain_command_block":146,"minecraft:lapis_block":76,"minecraft:glass_pane":97,"minecraft:grass_path":45,"minecraft:repeating_command_block":8,"minecraft:kelp":124,"minecraft:jukebox":6,"minecraft:birch_stairs":294,"minecraft:green_stained_glass":10},"minecraft:killed":{"minecraft:shulker":2,"minecraft:parrot":8,"minecraft:bat":1,"minecraft:villager":156},"minecraft:custom":{"minecraft:interact_with_crafting_table":9,"minecraft:open_shulker_box":4,"minecraft:leave_game":384,"minecraft:time_since_death":3958348,"minecraft:sprint_one_cm":2340151,"minecraft:drop":4361,"minecraft:talked_to_villager":130,"minecraft:deaths":3,"minecraft:jump":35601,"minecraft:walk_on_water_one_cm":838496,"minecraft:interact_with_furnace":19,"minecraft:play_record":8,"minecraft:traded_with_villager":2,"minecraft:play_one_minute":13584037,"minecraft:damage_dealt":32365,"minecraft:crouch_one_cm":306010,"minecraft:inspect_dispenser":260,"minecraft:inspect_dropper":666,"minecraft:mob_kills":169,"minecraft:inspect_hopper":2481,"minecraft:fill_cauldron":3,"minecraft:climb_one_cm":37734,"minecraft:walk_one_cm":15224471,"minecraft:sneak_time":505972,"minecraft:walk_under_water_one_cm":451312,"minecraft:boat_one_cm":1443853,"minecraft:tune_noteblock":166,"minecraft:pot_flower":15,"minecraft:time_since_rest":3958485,"minecraft:damage_taken":10,"minecraft:trigger_trapped_chest":118,"minecraft:minecart_one_cm":4562272,"minecraft:swim_one_cm":10174,"minecraft:fly_one_cm":46802332,"minecraft:open_chest":694,"minecraft:fall_one_cm":335},"minecraft:mined":{"minecraft:melon":10,"minecraft:wheat":248,"minecraft:dirt":2},"minecraft:picked_up":{"minecraft:shulker_shell":27,"minecraft:wheat":2117,"minecraft:redstone_block":16,"minecraft:flower_pot":1,"minecraft:anvil":1,"minecraft:diamond_sword":2,"minecraft:oak_stairs":6,"minecraft:stone_brick_stairs":4,"minecraft:lapis_block":1,"minecraft:music_disc_cat":1,"minecraft:string":1,"minecraft:sticky_piston":6,"minecraft:comparator":99,"minecraft:bucket":29,"minecraft:redstone_torch":245,"minecraft:written_book":461,"minecraft:hopper_minecart":5,"minecraft:melon_slice":12378,"minecraft:dark_oak_door":2,"minecraft:stick":26,"minecraft:oak_fence":6,"minecraft:torch":31,"minecraft:farmland":1,"minecraft:brown_carpet":33,"minecraft:quartz_block":2,"minecraft:cactus":15,"minecraft:command_block":4,"minecraft:rotten_flesh":3,"minecraft:carved_pumpkin":1270,"minecraft:glowstone":13,"minecraft:music_disc_wait":5,"minecraft:obsidian":1,"minecraft:iron_bars":9,"minecraft:cod":97,"minecraft:sponge":4,"minecraft:barrier":2,"minecraft:feather":450,"minecraft:repeater":111,"minecraft:iron_door":3,"minecraft:water_bucket":10,"minecraft:andesite":2,"minecraft:potato":16432,"minecraft:dirt":8,"minecraft:name_tag":551,"minecraft:sign":138,"minecraft:glass":8,"minecraft:wheat_seeds":4242,"minecraft:powered_rail":668,"minecraft:stone_hoe":2,"minecraft:oak_planks":55,"minecraft:brown_stained_glass":3,"minecraft:structure_void":823,"minecraft:dropper":5,"minecraft:birch_fence_gate":1,"minecraft:sand":18,"minecraft:ink_sac":13,"minecraft:grass_block":71,"minecraft:shulker_box":3,"minecraft:dispenser":5,"minecraft:sugar":4,"minecraft:slime_block":1,"minecraft:lever":18,"minecraft:writable_book":1,"minecraft:granite":2,"minecraft:white_concrete":6,"minecraft:bread":5908,"minecraft:oak_sapling":4,"minecraft:crafting_table":1,"minecraft:chicken":77,"minecraft:ladder":7,"minecraft:redstone_lamp":5,"minecraft:structure_block":3,"minecraft:oak_trapdoor":2,"minecraft:white_stained_glass":6,"minecraft:item_frame":144,"minecraft:white_carpet":82,"minecraft:birch_fence":1,"minecraft:glass_pane":1,"minecraft:detector_rail":21,"minecraft:oak_boat":103,"minecraft:player_head":8,"minecraft:observer":1,"minecraft:poppy":1,"minecraft:minecart":381,"minecraft:quartz_stairs":5,"minecraft:sugar_cane":89,"minecraft:chest":5,"minecraft:piston":22,"minecraft:diamond_hoe":3,"minecraft:egg":2355,"minecraft:stone":26,"minecraft:note_block":1,"minecraft:stone_button":54,"minecraft:music_disc_11":1,"minecraft:redstone":1630,"minecraft:stone_pressure_plate":3,"minecraft:jungle_stairs":1,"minecraft:shears":1,"minecraft:rail":165,"minecraft:white_wool":1,"minecraft:tripwire_hook":7,"minecraft:salmon":1,"minecraft:filled_map":41,"minecraft:oak_log":9,"minecraft:lily_pad":3,"minecraft:paper":1467,"minecraft:kelp":15,"minecraft:stone_bricks":72,"minecraft:cooked_chicken":1949,"minecraft:oak_slab":4,"minecraft:chain_command_block":1,"minecraft:emerald_block":1,"minecraft:daylight_detector":2,"minecraft:pumpkin":81,"minecraft:dandelion":4,"minecraft:gravel":130,"minecraft:lava_bucket":1,"minecraft:birch_stairs":2,"minecraft:white_bed":1,"minecraft:sea_lantern":2,"minecraft:oak_wood":2,"minecraft:oak_button":72,"minecraft:baked_potato":8090,"minecraft:melon_seeds":2,"minecraft:hopper":22}},"DataVersion":1628}