{"stat.useItem.minecraft.quartz_block":9,"stat.pickup.minecraft.redstone_torch":47,"stat.useItem.minecraft.repeater":39,"stat.leaveGame":21,"stat.drop.minecraft.redstone":12,"stat.useItem.minecraft.diamond_sword":3,"stat.useItem.minecraft.glowstone":73,"stat.swimOneCm":45066,"stat.useItem.minecraft.planks":1312,"stat.climbOneCm":816,"stat.useItem.minecraft.fire_charge":31,"stat.useItem.minecraft.redstone_torch":42,"stat.drop.minecraft.melon":219,"stat.useItem.minecraft.dirt":200,"stat.useItem.minecraft.water_bucket":33,"stat.drop.minecraft.redstone_torch":36,"stat.useItem.minecraft.rail":154,"stat.useItem.minecraft.anvil":1,"stat.useItem.minecraft.brick_block":162,"stat.flyOneCm":1760330,"stat.drop.minecraft.wheat_seeds":801,"stat.pickup.minecraft.redstone":24,"stat.timeSinceDeath":846614,"stat.hopperInspected":119,"stat.useItem.minecraft.sign":58,"stat.drop.minecraft.log":1,"stat.pickup.minecraft.stained_hardened_clay":74,"stat.useItem.minecraft.spawn_egg":1,"stat.pickup.minecraft.packed_ice":1,"stat.useItem.minecraft.wooden_slab":4,"stat.drop.minecraft.repeater":1,"stat.trappedChestTriggered":4,"stat.drop.minecraft.rail":9,"stat.useItem.minecraft.lever":3,"stat.useItem.minecraft.oak_stairs":160,"stat.drop.minecraft.stained_glass":1,"stat.pickup.minecraft.wooden_button":1,"stat.talkedToVillager":1,"stat.useItem.minecraft.minecart":1,"stat.useItem.minecraft.redstone":93,"stat.drop.minecraft.stained_hardened_clay":1,"stat.drop.minecraft.birch_fence":1,"stat.useItem.minecraft.dropper":11,"stat.useItem.minecraft.trapdoor":21,"stat.sprintOneCm":96116,"stat.useItem.minecraft.stained_glass":469,"stat.pickup.minecraft.paper":47,"stat.useItem.minecraft.fence":41,"stat.useItem.minecraft.stone_slab":3,"stat.useItem.minecraft.hopper":239,"stat.useItem.minecraft.dye":27,"stat.drop":413,"stat.playOneMinute":846614,"stat.drop.minecraft.golden_rail":96,"stat.drop.minecraft.chest":1,"stat.diveOneCm":1439,"stat.chestOpened":16,"stat.useItem.minecraft.sticky_piston":2,"stat.pickup.minecraft.sign":2,"stat.useItem.minecraft.stone":508,"stat.drop.minecraft.packed_ice":1,"stat.useItem.minecraft.carpet":2,"stat.useItem.minecraft.packed_ice":75,"stat.jump":1825,"stat.pickup.minecraft.cooked_chicken":114,"stat.drop.minecraft.stone":3,"stat.pickup.minecraft.hopper_minecart":1,"stat.crouchOneCm":18564,"stat.pickup.minecraft.rail":25,"stat.useItem.minecraft.stone_button":11,"stat.pickup.minecraft.melon":300,"stat.useItem.minecraft.dispenser":4,"stat.dropperInspected":61,"stat.useItem.minecraft.glass":104,"stat.useItem.minecraft.sapling":6,"stat.pickup.minecraft.comparator":5,"stat.pickup.minecraft.repeater":3,"stat.useItem.minecraft.golden_rail":531,"stat.useItem.minecraft.stone_brick_stairs":5,"stat.dispenserInspected":7,"stat.drop.minecraft.water_bucket":1,"stat.pickup.minecraft.planks":2,"stat.pickup.minecraft.reeds":65,"stat.pickup.minecraft.wheat_seeds":226,"stat.useItem.minecraft.birch_fence":6,"stat.damageDealt":154,"stat.drop.minecraft.cooked_chicken":64,"stat.useItem.minecraft.snow_layer":2,"stat.useItem.minecraft.wool":112,"stat.drop.minecraft.reeds":28,"stat.useItem.minecraft.iron_bars":2,"stat.walkOneCm":865685,"stat.drop.minecraft.paper":4,"stat.useItem.minecraft.chest":31,"stat.drop.minecraft.wheat":64,"stat.useItem.minecraft.log":1045,"stat.useItem.minecraft.comparator":23,"stat.useItem.minecraft.tnt":6,"stat.useItem.minecraft.dark_oak_fence_gate":2,"stat.minecartOneCm":65004,"stat.pickup.minecraft.log":1,"stat.drop.minecraft.glass_pane":1,"stat.useItem.minecraft.redstone_block":81,"stat.drop.minecraft.planks":2,"stat.pickup.minecraft.stone":3,"stat.useItem.minecraft.stained_hardened_clay":204,"stat.useItem.minecraft.leaves":170,"stat.useItem.minecraft.concrete":95,"stat.useItem.minecraft.netherrack":59,"stat.useItem.minecraft.iron_block":24,"stat.drop.minecraft.hopper_minecart":1,"stat.pickup.minecraft.bread":24,"stat.drop.minecraft.comparator":2,"stat.useItem.minecraft.wooden_pressure_plate":1,"stat.useItem.minecraft.stonebrick":106,"stat.useItem.minecraft.hopper_minecart":13,"stat.useItem.minecraft.writable_book":1,"stat.sneakTime":29086,"stat.pickup.minecraft.golden_rail":68,"stat.pickup.minecraft.chest":1}